<?xml version="1.0"?>
<opencv_storage>
<cascade>
  <stageType>BOOST</stageType>
  <featureType>HAAR</featureType>
  <height>25</height>
  <width>50</width>
  <stageParams>
    <boostType>GAB</boostType>
    <minHitRate>9.9500000476837158e-01</minHitRate>
    <maxFalseAlarm>5.0000000000000000e-01</maxFalseAlarm>
    <weightTrimRate>9.4999998807907104e-01</weightTrimRate>
    <maxDepth>1</maxDepth>
    <maxWeakCount>100</maxWeakCount></stageParams>
  <featureParams>
    <maxCatCount>0</maxCatCount>
    <featSize>1</featSize>
    <mode>BASIC</mode></featureParams>
  <stageNum>17</stageNum>
  <stages>
    <!-- stage 0 -->
    <_>
      <maxWeakCount>4</maxWeakCount>
      <stageThreshold>-1.5738680362701416e+00</stageThreshold>
      <weakClassifiers>
        <_>
          <internalNodes>
            0 -1 4 4.7615610063076019e-02</internalNodes>
          <leafValues>
            -8.5485392808914185e-01 6.1904764175415039e-01</leafValues></_>
        <_>
          <internalNodes>
            0 -1 38 1.6266442835330963e-02</internalNodes>
          <leafValues>
            -7.4887055158615112e-01 4.6906569600105286e-01</leafValues></_>
        <_>
          <internalNodes>
            0 -1 91 -2.6595434173941612e-03</internalNodes>
          <leafValues>
            4.9595755338668823e-01 -6.2789285182952881e-01</leafValues></_>
        <_>
          <internalNodes>
            0 -1 16 7.6459214091300964e-02</internalNodes>
          <leafValues>
            -4.6610113978385925e-01 7.6961731910705566e-01</leafValues></_></weakClassifiers></_>
    <!-- stage 1 -->
    <_>
      <maxWeakCount>4</maxWeakCount>
      <stageThreshold>-2.0427453517913818e+00</stageThreshold>
      <weakClassifiers>
        <_>
          <internalNodes>
            0 -1 14 -6.2106780707836151e-02</internalNodes>
          <leafValues>
            3.5537189245223999e-01 -8.7695312500000000e-01</leafValues></_>
        <_>
          <internalNodes>
            0 -1 43 7.9214423894882202e-03</internalNodes>
          <leafValues>
            -8.9093750715255737e-01 2.2990582883358002e-01</leafValues></_>
        <_>
          <internalNodes>
            0 -1 32 1.2173701077699661e-02</internalNodes>
          <leafValues>
            -7.4314314126968384e-01 3.6971297860145569e-01</leafValues></_>
        <_>
          <internalNodes>
            0 -1 11 1.0480056516826153e-03</internalNodes>
          <leafValues>
            -6.7964541912078857e-01 4.6828848123550415e-01</leafValues></_></weakClassifiers></_>
    <!-- stage 2 -->
    <_>
      <maxWeakCount>6</maxWeakCount>
      <stageThreshold>-1.8357218503952026e+00</stageThreshold>
      <weakClassifiers>
        <_>
          <internalNodes>
            0 -1 93 -3.3205866813659668e-02</internalNodes>
          <leafValues>
            1.9727891683578491e-01 -8.8577157258987427e-01</leafValues></_>
        <_>
          <internalNodes>
            0 -1 74 1.7229653894901276e-03</internalNodes>
          <leafValues>
            -7.3173499107360840e-01 4.8525482416152954e-01</leafValues></_>
        <_>
          <internalNodes>
            0 -1 36 1.8580351024866104e-02</internalNodes>
          <leafValues>
            -4.9574670195579529e-01 5.9883397817611694e-01</leafValues></_>
        <_>
          <internalNodes>
            0 -1 86 2.1954509429633617e-03</internalNodes>
          <leafValues>
            -7.9735815525054932e-01 4.0976917743682861e-01</leafValues></_>
        <_>
          <internalNodes>
            0 -1 35 1.6003755154088140e-03</internalNodes>
          <leafValues>
            -7.9770147800445557e-01 3.2218745350837708e-01</leafValues></_>
        <_>
          <internalNodes>
            0 -1 69 -1.0373938828706741e-02</internalNodes>
          <leafValues>
            7.5172251462936401e-01 -3.4187856316566467e-01</leafValues></_></weakClassifiers></_>
    <!-- stage 3 -->
    <_>
      <maxWeakCount>6</maxWeakCount>
      <stageThreshold>-1.7784386873245239e+00</stageThreshold>
      <weakClassifiers>
        <_>
          <internalNodes>
            0 -1 88 -1.7820041626691818e-02</internalNodes>
          <leafValues>
            3.9784947037696838e-01 -8.4790873527526855e-01</leafValues></_>
        <_>
          <internalNodes>
            0 -1 60 -5.9184711426496506e-03</internalNodes>
          <leafValues>
            1.4985646307468414e-01 -8.4358996152877808e-01</leafValues></_>
        <_>
          <internalNodes>
            0 -1 51 -9.1395825147628784e-03</internalNodes>
          <leafValues>
            4.3268674612045288e-01 -5.8403307199478149e-01</leafValues></_>
        <_>
          <internalNodes>
            0 -1 18 1.5850244462490082e-01</internalNodes>
          <leafValues>
            -4.2736658453941345e-01 6.4874511957168579e-01</leafValues></_>
        <_>
          <internalNodes>
            0 -1 17 1.2123972410336137e-03</internalNodes>
          <leafValues>
            -7.0965147018432617e-01 3.8380229473114014e-01</leafValues></_>
        <_>
          <internalNodes>
            0 -1 56 -4.9794064834713936e-03</internalNodes>
          <leafValues>
            6.7085331678390503e-01 -3.7605509161949158e-01</leafValues></_></weakClassifiers></_>
    <!-- stage 4 -->
    <_>
      <maxWeakCount>5</maxWeakCount>
      <stageThreshold>-1.6800485849380493e+00</stageThreshold>
      <weakClassifiers>
        <_>
          <internalNodes>
            0 -1 94 -3.2837335020303726e-02</internalNodes>
          <leafValues>
            -3.7037037312984467e-02 -8.8702929019927979e-01</leafValues></_>
        <_>
          <internalNodes>
            0 -1 42 1.4057394582778215e-03</internalNodes>
          <leafValues>
            -8.2719814777374268e-01 9.7504146397113800e-02</leafValues></_>
        <_>
          <internalNodes>
            0 -1 55 -1.0787652805447578e-02</internalNodes>
          <leafValues>
            6.9240087270736694e-01 -4.1256532073020935e-01</leafValues></_>
        <_>
          <internalNodes>
            0 -1 65 7.2801951318979263e-03</internalNodes>
          <leafValues>
            2.5274986028671265e-01 -1.</leafValues></_>
        <_>
          <internalNodes>
            0 -1 21 -6.0418479144573212e-02</internalNodes>
          <leafValues>
            -9.4381898641586304e-01 1.9399434328079224e-01</leafValues></_></weakClassifiers></_>
    <!-- stage 5 -->
    <_>
      <maxWeakCount>4</maxWeakCount>
      <stageThreshold>-1.1115099191665649e+00</stageThreshold>
      <weakClassifiers>
        <_>
          <internalNodes>
            0 -1 15 -7.1455210447311401e-02</internalNodes>
          <leafValues>
            5.9036141633987427e-01 -8.5122412443161011e-01</leafValues></_>
        <_>
          <internalNodes>
            0 -1 20 2.9071712493896484e-01</internalNodes>
          <leafValues>
            -7.0887744426727295e-01 3.8430005311965942e-01</leafValues></_>
        <_>
          <internalNodes>
            0 -1 53 2.7878228574991226e-03</internalNodes>
          <leafValues>
            2.6100143790245056e-01 -8.6469662189483643e-01</leafValues></_>
        <_>
          <internalNodes>
            0 -1 46 2.8369748033583164e-03</internalNodes>
          <leafValues>
            2.2011074423789978e-01 -9.3455660343170166e-01</leafValues></_></weakClassifiers></_>
    <!-- stage 6 -->
    <_>
      <maxWeakCount>5</maxWeakCount>
      <stageThreshold>-1.7954970598220825e+00</stageThreshold>
      <weakClassifiers>
        <_>
          <internalNodes>
            0 -1 71 4.9650341272354126e-02</internalNodes>
          <leafValues>
            -8.4069097042083740e-01 2.0388349890708923e-01</leafValues></_>
        <_>
          <internalNodes>
            0 -1 61 -1.1287219422229100e-05</internalNodes>
          <leafValues>
            2.4641790986061096e-01 -8.0075222253799438e-01</leafValues></_>
        <_>
          <internalNodes>
            0 -1 83 1.0959978681057692e-05</internalNodes>
          <leafValues>
            -6.1527925729751587e-01 4.7637116909027100e-01</leafValues></_>
        <_>
          <internalNodes>
            0 -1 48 -2.2100601345300674e-03</internalNodes>
          <leafValues>
            -8.9873689413070679e-01 3.0573877692222595e-01</leafValues></_>
        <_>
          <internalNodes>
            0 -1 62 3.1744951847940683e-03</internalNodes>
          <leafValues>
            2.8320628404617310e-01 -8.9168351888656616e-01</leafValues></_></weakClassifiers></_>
    <!-- stage 7 -->
    <_>
      <maxWeakCount>5</maxWeakCount>
      <stageThreshold>-1.5016200542449951e+00</stageThreshold>
      <weakClassifiers>
        <_>
          <internalNodes>
            0 -1 95 -4.9812205135822296e-02</internalNodes>
          <leafValues>
            7.5999999046325684e-01 -8.1552511453628540e-01</leafValues></_>
        <_>
          <internalNodes>
            0 -1 5 -8.6145410314202309e-03</internalNodes>
          <leafValues>
            4.2223766446113586e-01 -5.7842165231704712e-01</leafValues></_>
        <_>
          <internalNodes>
            0 -1 10 -5.5269794538617134e-03</internalNodes>
          <leafValues>
            2.7524632215499878e-01 -8.1327188014984131e-01</leafValues></_>
        <_>
          <internalNodes>
            0 -1 66 -1.9160106603521854e-05</internalNodes>
          <leafValues>
            4.3002635240554810e-01 -5.2787399291992188e-01</leafValues></_>
        <_>
          <internalNodes>
            0 -1 75 6.0505326837301254e-03</internalNodes>
          <leafValues>
            2.7557224035263062e-01 -9.3637812137603760e-01</leafValues></_></weakClassifiers></_>
    <!-- stage 8 -->
    <_>
      <maxWeakCount>5</maxWeakCount>
      <stageThreshold>-1.6384236812591553e+00</stageThreshold>
      <weakClassifiers>
        <_>
          <internalNodes>
            0 -1 9 2.5624539703130722e-02</internalNodes>
          <leafValues>
            -8.4795320034027100e-01 1.2605042755603790e-01</leafValues></_>
        <_>
          <internalNodes>
            0 -1 78 1.4424844644963741e-02</internalNodes>
          <leafValues>
            -8.1743264198303223e-01 1.7196808755397797e-01</leafValues></_>
        <_>
          <internalNodes>
            0 -1 63 3.3830991014838219e-04</internalNodes>
          <leafValues>
            -6.8587690591812134e-01 3.2922577857971191e-01</leafValues></_>
        <_>
          <internalNodes>
            0 -1 76 2.1834245126228780e-04</internalNodes>
          <leafValues>
            -5.5270326137542725e-01 4.0680417418479919e-01</leafValues></_>
        <_>
          <internalNodes>
            0 -1 52 -2.1433760412037373e-03</internalNodes>
          <leafValues>
            -9.5730996131896973e-01 3.0603492259979248e-01</leafValues></_></weakClassifiers></_>
    <!-- stage 9 -->
    <_>
      <maxWeakCount>6</maxWeakCount>
      <stageThreshold>-1.8191195726394653e+00</stageThreshold>
      <weakClassifiers>
        <_>
          <internalNodes>
            0 -1 96 -7.5517110526561737e-03</internalNodes>
          <leafValues>
            3.7837839126586914e-01 -8.2446312904357910e-01</leafValues></_>
        <_>
          <internalNodes>
            0 -1 72 3.6212880164384842e-02</internalNodes>
          <leafValues>
            -5.6681084632873535e-01 3.8335841894149780e-01</leafValues></_>
        <_>
          <internalNodes>
            0 -1 84 2.0206483895890415e-04</internalNodes>
          <leafValues>
            -4.6424081921577454e-01 4.9478140473365784e-01</leafValues></_>
        <_>
          <internalNodes>
            0 -1 58 -2.3142664576880634e-04</internalNodes>
          <leafValues>
            3.0736356973648071e-01 -7.7223670482635498e-01</leafValues></_>
        <_>
          <internalNodes>
            0 -1 50 -9.7197573632001877e-03</internalNodes>
          <leafValues>
            -9.1675341129302979e-01 2.5901418924331665e-01</leafValues></_>
        <_>
          <internalNodes>
            0 -1 26 4.4960058294236660e-03</internalNodes>
          <leafValues>
            -4.0940448641777039e-01 6.3465702533721924e-01</leafValues></_></weakClassifiers></_>
    <!-- stage 10 -->
    <_>
      <maxWeakCount>5</maxWeakCount>
      <stageThreshold>-1.9992332458496094e+00</stageThreshold>
      <weakClassifiers>
        <_>
          <internalNodes>
            0 -1 3 5.8599568903446198e-02</internalNodes>
          <leafValues>
            -8.4782606363296509e-01 2.2556390613317490e-02</leafValues></_>
        <_>
          <internalNodes>
            0 -1 77 -1.0834941640496254e-03</internalNodes>
          <leafValues>
            4.0986377000808716e-01 -6.2967830896377563e-01</leafValues></_>
        <_>
          <internalNodes>
            0 -1 24 2.0176267251372337e-02</internalNodes>
          <leafValues>
            2.3307639360427856e-01 -8.3496618270874023e-01</leafValues></_>
        <_>
          <internalNodes>
            0 -1 64 -1.4605641365051270e-02</internalNodes>
          <leafValues>
            -9.8888671398162842e-01 1.4305512607097626e-01</leafValues></_>
        <_>
          <internalNodes>
            0 -1 54 1.3941416516900063e-02</internalNodes>
          <leafValues>
            1.7018221318721771e-01 -9.1493153572082520e-01</leafValues></_></weakClassifiers></_>
    <!-- stage 11 -->
    <_>
      <maxWeakCount>5</maxWeakCount>
      <stageThreshold>-1.7897789478302002e+00</stageThreshold>
      <weakClassifiers>
        <_>
          <internalNodes>
            0 -1 90 -4.1408933699131012e-02</internalNodes>
          <leafValues>
            -2.9496401548385620e-01 -8.9158016443252563e-01</leafValues></_>
        <_>
          <internalNodes>
            0 -1 92 -4.4769276864826679e-03</internalNodes>
          <leafValues>
            3.4155219793319702e-01 -6.4007735252380371e-01</leafValues></_>
        <_>
          <internalNodes>
            0 -1 23 3.1745217740535736e-02</internalNodes>
          <leafValues>
            -3.4748709201812744e-01 6.6846376657485962e-01</leafValues></_>
        <_>
          <internalNodes>
            0 -1 27 -1.0522064985707402e-03</internalNodes>
          <leafValues>
            3.3659318089485168e-01 -6.5169471502304077e-01</leafValues></_>
        <_>
          <internalNodes>
            0 -1 25 -6.7228125408291817e-04</internalNodes>
          <leafValues>
            -8.4384369850158691e-01 2.4398277699947357e-01</leafValues></_></weakClassifiers></_>
    <!-- stage 12 -->
    <_>
      <maxWeakCount>6</maxWeakCount>
      <stageThreshold>-2.0380225181579590e+00</stageThreshold>
      <weakClassifiers>
        <_>
          <internalNodes>
            0 -1 31 1.6076426953077316e-02</internalNodes>
          <leafValues>
            -8.2708930969238281e-01 5.7692307978868484e-02</leafValues></_>
        <_>
          <internalNodes>
            0 -1 34 -9.9845160730183125e-04</internalNodes>
          <leafValues>
            2.0753602683544159e-01 -6.8291854858398438e-01</leafValues></_>
        <_>
          <internalNodes>
            0 -1 6 3.4532811492681503e-02</internalNodes>
          <leafValues>
            -5.0560301542282104e-01 4.3802839517593384e-01</leafValues></_>
        <_>
          <internalNodes>
            0 -1 82 1.9481033086776733e-03</internalNodes>
          <leafValues>
            -4.6221435070037842e-01 4.9732643365859985e-01</leafValues></_>
        <_>
          <internalNodes>
            0 -1 80 3.1641102395951748e-03</internalNodes>
          <leafValues>
            2.4778661131858826e-01 -8.1168383359909058e-01</leafValues></_>
        <_>
          <internalNodes>
            0 -1 8 -2.5677759200334549e-02</internalNodes>
          <leafValues>
            -9.7582149505615234e-01 1.9201622903347015e-01</leafValues></_></weakClassifiers></_>
    <!-- stage 13 -->
    <_>
      <maxWeakCount>7</maxWeakCount>
      <stageThreshold>-1.5601751804351807e+00</stageThreshold>
      <weakClassifiers>
        <_>
          <internalNodes>
            0 -1 79 -1.2473207898437977e-03</internalNodes>
          <leafValues>
            -1.9170984625816345e-01 -8.5924369096755981e-01</leafValues></_>
        <_>
          <internalNodes>
            0 -1 39 8.4422558546066284e-02</internalNodes>
          <leafValues>
            -5.4834187030792236e-01 3.2464236021041870e-01</leafValues></_>
        <_>
          <internalNodes>
            0 -1 33 1.0258629918098450e-02</internalNodes>
          <leafValues>
            1.6540467739105225e-01 -9.4144999980926514e-01</leafValues></_>
        <_>
          <internalNodes>
            0 -1 73 -2.1894570440053940e-02</internalNodes>
          <leafValues>
            3.4960418939590454e-01 -5.7432305812835693e-01</leafValues></_>
        <_>
          <internalNodes>
            0 -1 87 -6.7682508379220963e-03</internalNodes>
          <leafValues>
            3.9715453982353210e-01 -4.6976721286773682e-01</leafValues></_>
        <_>
          <internalNodes>
            0 -1 81 2.0169178023934364e-03</internalNodes>
          <leafValues>
            -3.7068134546279907e-01 5.1530390977859497e-01</leafValues></_>
        <_>
          <internalNodes>
            0 -1 30 5.8761141262948513e-03</internalNodes>
          <leafValues>
            2.2985555231571198e-01 -8.4959924221038818e-01</leafValues></_></weakClassifiers></_>
    <!-- stage 14 -->
    <_>
      <maxWeakCount>7</maxWeakCount>
      <stageThreshold>-2.0938665866851807e+00</stageThreshold>
      <weakClassifiers>
        <_>
          <internalNodes>
            0 -1 68 5.4898824542760849e-02</internalNodes>
          <leafValues>
            -8.3531743288040161e-01 -9.4890512526035309e-02</leafValues></_>
        <_>
          <internalNodes>
            0 -1 67 1.4001941308379173e-03</internalNodes>
          <leafValues>
            -6.5330302715301514e-01 2.7147591114044189e-01</leafValues></_>
        <_>
          <internalNodes>
            0 -1 37 -9.4968108460307121e-03</internalNodes>
          <leafValues>
            -7.6020050048828125e-01 2.1186530590057373e-01</leafValues></_>
        <_>
          <internalNodes>
            0 -1 28 3.5663010203279555e-04</internalNodes>
          <leafValues>
            -8.1607186794281006e-01 1.8530544638633728e-01</leafValues></_>
        <_>
          <internalNodes>
            0 -1 57 -3.1484819483011961e-03</internalNodes>
          <leafValues>
            -7.9102909564971924e-01 2.1211475133895874e-01</leafValues></_>
        <_>
          <internalNodes>
            0 -1 1 3.8638636469841003e-03</internalNodes>
          <leafValues>
            -4.2417314648628235e-01 4.3614074587821960e-01</leafValues></_>
        <_>
          <internalNodes>
            0 -1 47 -1.6944087110459805e-03</internalNodes>
          <leafValues>
            -8.7306123971939087e-01 2.1101890504360199e-01</leafValues></_></weakClassifiers></_>
    <!-- stage 15 -->
    <_>
      <maxWeakCount>9</maxWeakCount>
      <stageThreshold>-2.0524368286132813e+00</stageThreshold>
      <weakClassifiers>
        <_>
          <internalNodes>
            0 -1 44 2.5938753969967365e-03</internalNodes>
          <leafValues>
            -8.5519415140151978e-01 -2.0833332836627960e-01</leafValues></_>
        <_>
          <internalNodes>
            0 -1 40 2.1626977249979973e-03</internalNodes>
          <leafValues>
            -7.0323973894119263e-01 7.2923071682453156e-02</leafValues></_>
        <_>
          <internalNodes>
            0 -1 49 4.7478474676609039e-02</internalNodes>
          <leafValues>
            -4.2993786931037903e-01 4.7086238861083984e-01</leafValues></_>
        <_>
          <internalNodes>
            0 -1 41 1.0504383826628327e-03</internalNodes>
          <leafValues>
            2.1013124287128448e-01 -8.4346306324005127e-01</leafValues></_>
        <_>
          <internalNodes>
            0 -1 85 1.3086838880553842e-03</internalNodes>
          <leafValues>
            -4.6252894401550293e-01 4.3805405497550964e-01</leafValues></_>
        <_>
          <internalNodes>
            0 -1 45 6.2334807589650154e-03</internalNodes>
          <leafValues>
            -3.1481647491455078e-01 5.8469903469085693e-01</leafValues></_>
        <_>
          <internalNodes>
            0 -1 12 8.9428827166557312e-02</internalNodes>
          <leafValues>
            -2.7802383899688721e-01 6.5578174591064453e-01</leafValues></_>
        <_>
          <internalNodes>
            0 -1 29 -1.1390943080186844e-02</internalNodes>
          <leafValues>
            3.0631840229034424e-01 -6.6262209415435791e-01</leafValues></_>
        <_>
          <internalNodes>
            0 -1 89 1.7486661090515554e-04</internalNodes>
          <leafValues>
            -4.2466107010841370e-01 4.4193497300148010e-01</leafValues></_></weakClassifiers></_>
    <!-- stage 16 -->
    <_>
      <maxWeakCount>8</maxWeakCount>
      <stageThreshold>-1.8176029920578003e+00</stageThreshold>
      <weakClassifiers>
        <_>
          <internalNodes>
            0 -1 2 6.4179979264736176e-02</internalNodes>
          <leafValues>
            -8.0794090032577515e-01 3.2258063554763794e-01</leafValues></_>
        <_>
          <internalNodes>
            0 -1 70 1.3535778271034360e-03</internalNodes>
          <leafValues>
            -6.7118185758590698e-01 1.9914346933364868e-01</leafValues></_>
        <_>
          <internalNodes>
            0 -1 7 -6.4522298052906990e-03</internalNodes>
          <leafValues>
            5.1635676622390747e-01 -3.4900665283203125e-01</leafValues></_>
        <_>
          <internalNodes>
            0 -1 13 -2.7176722884178162e-02</internalNodes>
          <leafValues>
            -8.4196472167968750e-01 2.0328067243099213e-01</leafValues></_>
        <_>
          <internalNodes>
            0 -1 59 -6.2882583588361740e-03</internalNodes>
          <leafValues>
            -9.5902681350708008e-01 1.7250378429889679e-01</leafValues></_>
        <_>
          <internalNodes>
            0 -1 19 1.3760572299361229e-02</internalNodes>
          <leafValues>
            -4.1024303436279297e-01 3.7263959646224976e-01</leafValues></_>
        <_>
          <internalNodes>
            0 -1 0 -2.0951457321643829e-02</internalNodes>
          <leafValues>
            7.4951875209808350e-01 -2.2380098700523376e-01</leafValues></_>
        <_>
          <internalNodes>
            0 -1 22 6.7343991249799728e-03</internalNodes>
          <leafValues>
            2.6878601312637329e-01 -7.2973209619522095e-01</leafValues></_></weakClassifiers></_></stages>
  <features>
    <_>
      <rects>
        <_>
          0 1 39 4 -1.</_>
        <_>
          0 3 39 2 2.</_></rects>
      <tilted>0</tilted></_>
    <_>
      <rects>
        <_>
          0 3 12 6 -1.</_>
        <_>
          0 3 6 3 2.</_>
        <_>
          6 6 6 3 2.</_></rects>
      <tilted>0</tilted></_>
    <_>
      <rects>
        <_>
          0 5 6 18 -1.</_>
        <_>
          3 5 3 18 2.</_></rects>
      <tilted>0</tilted></_>
    <_>
      <rects>
        <_>
          0 5 8 18 -1.</_>
        <_>
          4 5 4 18 2.</_></rects>
      <tilted>0</tilted></_>
    <_>
      <rects>
        <_>
          0 6 8 14 -1.</_>
        <_>
          4 6 4 14 2.</_></rects>
      <tilted>0</tilted></_>
    <_>
      <rects>
        <_>
          0 7 6 12 -1.</_>
        <_>
          2 7 2 12 3.</_></rects>
      <tilted>0</tilted></_>
    <_>
      <rects>
        <_>
          0 12 16 10 -1.</_>
        <_>
          8 12 8 10 2.</_></rects>
      <tilted>0</tilted></_>
    <_>
      <rects>
        <_>
          1 7 6 7 -1.</_>
        <_>
          3 7 2 7 3.</_></rects>
      <tilted>0</tilted></_>
    <_>
      <rects>
        <_>
          1 8 34 12 -1.</_>
        <_>
          1 8 17 6 2.</_>
        <_>
          18 14 17 6 2.</_></rects>
      <tilted>0</tilted></_>
    <_>
      <rects>
        <_>
          1 10 6 10 -1.</_>
        <_>
          4 10 3 10 2.</_></rects>
      <tilted>0</tilted></_>
    <_>
      <rects>
        <_>
          1 12 16 8 -1.</_>
        <_>
          1 16 16 4 2.</_></rects>
      <tilted>0</tilted></_>
    <_>
      <rects>
        <_>
          1 13 12 1 -1.</_>
        <_>
          5 13 4 1 3.</_></rects>
      <tilted>0</tilted></_>
    <_>
      <rects>
        <_>
          1 15 38 9 -1.</_>
        <_>
          1 18 38 3 3.</_></rects>
      <tilted>0</tilted></_>
    <_>
      <rects>
        <_>
          2 7 42 10 -1.</_>
        <_>
          2 7 21 5 2.</_>
        <_>
          23 12 21 5 2.</_></rects>
      <tilted>0</tilted></_>
    <_>
      <rects>
        <_>
          2 19 27 6 -1.</_>
        <_>
          2 22 27 3 2.</_></rects>
      <tilted>0</tilted></_>
    <_>
      <rects>
        <_>
          2 21 41 4 -1.</_>
        <_>
          2 23 41 2 2.</_></rects>
      <tilted>0</tilted></_>
    <_>
      <rects>
        <_>
          3 0 29 8 -1.</_>
        <_>
          3 4 29 4 2.</_></rects>
      <tilted>0</tilted></_>
    <_>
      <rects>
        <_>
          3 7 12 10 -1.</_>
        <_>
          3 7 6 5 2.</_>
        <_>
          9 12 6 5 2.</_></rects>
      <tilted>0</tilted></_>
    <_>
      <rects>
        <_>
          4 0 34 10 -1.</_>
        <_>
          4 5 34 5 2.</_></rects>
      <tilted>0</tilted></_>
    <_>
      <rects>
        <_>
          4 2 15 4 -1.</_>
        <_>
          4 4 15 2 2.</_></rects>
      <tilted>0</tilted></_>
    <_>
      <rects>
        <_>
          5 0 40 24 -1.</_>
        <_>
          5 8 40 8 3.</_></rects>
      <tilted>0</tilted></_>
    <_>
      <rects>
        <_>
          5 1 36 13 -1.</_>
        <_>
          23 1 18 13 2.</_></rects>
      <tilted>0</tilted></_>
    <_>
      <rects>
        <_>
          5 7 28 10 -1.</_>
        <_>
          5 7 14 5 2.</_>
        <_>
          19 12 14 5 2.</_></rects>
      <tilted>0</tilted></_>
    <_>
      <rects>
        <_>
          7 4 21 6 -1.</_>
        <_>
          7 6 21 2 3.</_></rects>
      <tilted>0</tilted></_>
    <_>
      <rects>
        <_>
          7 11 36 6 -1.</_>
        <_>
          19 11 12 6 3.</_></rects>
      <tilted>0</tilted></_>
    <_>
      <rects>
        <_>
          8 12 8 2 -1.</_>
        <_>
          12 12 4 2 2.</_></rects>
      <tilted>0</tilted></_>
    <_>
      <rects>
        <_>
          8 14 6 6 -1.</_>
        <_>
          10 14 2 6 3.</_></rects>
      <tilted>0</tilted></_>
    <_>
      <rects>
        <_>
          9 7 12 7 -1.</_>
        <_>
          13 7 4 7 3.</_></rects>
      <tilted>0</tilted></_>
    <_>
      <rects>
        <_>
          9 7 21 2 -1.</_>
        <_>
          16 7 7 2 3.</_></rects>
      <tilted>0</tilted></_>
    <_>
      <rects>
        <_>
          9 11 16 10 -1.</_>
        <_>
          9 16 16 5 2.</_></rects>
      <tilted>0</tilted></_>
    <_>
      <rects>
        <_>
          9 14 30 6 -1.</_>
        <_>
          24 14 15 6 2.</_></rects>
      <tilted>0</tilted></_>
    <_>
      <rects>
        <_>
          10 2 34 2 -1.</_>
        <_>
          10 3 34 1 2.</_></rects>
      <tilted>0</tilted></_>
    <_>
      <rects>
        <_>
          10 7 6 15 -1.</_>
        <_>
          10 12 6 5 3.</_></rects>
      <tilted>0</tilted></_>
    <_>
      <rects>
        <_>
          10 7 32 8 -1.</_>
        <_>
          10 7 16 4 2.</_>
        <_>
          26 11 16 4 2.</_></rects>
      <tilted>0</tilted></_>
    <_>
      <rects>
        <_>
          10 10 4 8 -1.</_>
        <_>
          12 10 2 8 2.</_></rects>
      <tilted>0</tilted></_>
    <_>
      <rects>
        <_>
          10 16 18 5 -1.</_>
        <_>
          16 16 6 5 3.</_></rects>
      <tilted>0</tilted></_>
    <_>
      <rects>
        <_>
          11 2 19 4 -1.</_>
        <_>
          11 4 19 2 2.</_></rects>
      <tilted>0</tilted></_>
    <_>
      <rects>
        <_>
          11 8 16 17 -1.</_>
        <_>
          19 8 8 17 2.</_></rects>
      <tilted>0</tilted></_>
    <_>
      <rects>
        <_>
          12 11 20 6 -1.</_>
        <_>
          12 13 20 2 3.</_></rects>
      <tilted>0</tilted></_>
    <_>
      <rects>
        <_>
          13 1 31 6 -1.</_>
        <_>
          13 4 31 3 2.</_></rects>
      <tilted>0</tilted></_>
    <_>
      <rects>
        <_>
          14 2 6 10 -1.</_>
        <_>
          14 2 3 5 2.</_>
        <_>
          17 7 3 5 2.</_></rects>
      <tilted>0</tilted></_>
    <_>
      <rects>
        <_>
          14 4 4 4 -1.</_>
        <_>
          16 4 2 4 2.</_></rects>
      <tilted>0</tilted></_>
    <_>
      <rects>
        <_>
          14 7 6 5 -1.</_>
        <_>
          17 7 3 5 2.</_></rects>
      <tilted>0</tilted></_>
    <_>
      <rects>
        <_>
          14 8 12 13 -1.</_>
        <_>
          18 8 4 13 3.</_></rects>
      <tilted>0</tilted></_>
    <_>
      <rects>
        <_>
          14 16 6 3 -1.</_>
        <_>
          16 16 2 3 3.</_></rects>
      <tilted>0</tilted></_>
    <_>
      <rects>
        <_>
          14 21 15 3 -1.</_>
        <_>
          14 22 15 1 3.</_></rects>
      <tilted>0</tilted></_>
    <_>
      <rects>
        <_>
          15 1 12 6 -1.</_>
        <_>
          19 1 4 6 3.</_></rects>
      <tilted>0</tilted></_>
    <_>
      <rects>
        <_>
          15 2 9 4 -1.</_>
        <_>
          18 2 3 4 3.</_></rects>
      <tilted>0</tilted></_>
    <_>
      <rects>
        <_>
          16 0 9 6 -1.</_>
        <_>
          19 0 3 6 3.</_></rects>
      <tilted>0</tilted></_>
    <_>
      <rects>
        <_>
          16 0 30 6 -1.</_>
        <_>
          16 3 30 3 2.</_></rects>
      <tilted>0</tilted></_>
    <_>
      <rects>
        <_>
          16 5 18 8 -1.</_>
        <_>
          22 5 6 8 3.</_></rects>
      <tilted>0</tilted></_>
    <_>
      <rects>
        <_>
          16 6 21 6 -1.</_>
        <_>
          16 8 21 2 3.</_></rects>
      <tilted>0</tilted></_>
    <_>
      <rects>
        <_>
          17 3 9 4 -1.</_>
        <_>
          20 3 3 4 3.</_></rects>
      <tilted>0</tilted></_>
    <_>
      <rects>
        <_>
          17 4 18 18 -1.</_>
        <_>
          23 4 6 18 3.</_></rects>
      <tilted>0</tilted></_>
    <_>
      <rects>
        <_>
          17 13 24 12 -1.</_>
        <_>
          25 13 8 12 3.</_></rects>
      <tilted>0</tilted></_>
    <_>
      <rects>
        <_>
          17 22 28 3 -1.</_>
        <_>
          17 23 28 1 3.</_></rects>
      <tilted>0</tilted></_>
    <_>
      <rects>
        <_>
          18 20 22 3 -1.</_>
        <_>
          18 21 22 1 3.</_></rects>
      <tilted>0</tilted></_>
    <_>
      <rects>
        <_>
          19 4 22 8 -1.</_>
        <_>
          19 4 11 4 2.</_>
        <_>
          30 8 11 4 2.</_></rects>
      <tilted>0</tilted></_>
    <_>
      <rects>
        <_>
          19 5 6 7 -1.</_>
        <_>
          22 5 3 7 2.</_></rects>
      <tilted>0</tilted></_>
    <_>
      <rects>
        <_>
          19 8 3 10 -1.</_>
        <_>
          19 13 3 5 2.</_></rects>
      <tilted>0</tilted></_>
    <_>
      <rects>
        <_>
          19 8 21 6 -1.</_>
        <_>
          26 8 7 6 3.</_></rects>
      <tilted>0</tilted></_>
    <_>
      <rects>
        <_>
          21 2 4 8 -1.</_>
        <_>
          23 2 2 8 2.</_></rects>
      <tilted>0</tilted></_>
    <_>
      <rects>
        <_>
          21 6 16 3 -1.</_>
        <_>
          29 6 8 3 2.</_></rects>
      <tilted>0</tilted></_>
    <_>
      <rects>
        <_>
          21 8 6 6 -1.</_>
        <_>
          21 8 3 3 2.</_>
        <_>
          24 11 3 3 2.</_></rects>
      <tilted>0</tilted></_>
    <_>
      <rects>
        <_>
          21 11 10 14 -1.</_>
        <_>
          26 11 5 14 2.</_></rects>
      <tilted>0</tilted></_>
    <_>
      <rects>
        <_>
          21 11 18 5 -1.</_>
        <_>
          30 11 9 5 2.</_></rects>
      <tilted>0</tilted></_>
    <_>
      <rects>
        <_>
          21 12 3 1 -1.</_>
        <_>
          22 12 1 1 3.</_></rects>
      <tilted>0</tilted></_>
    <_>
      <rects>
        <_>
          22 14 6 4 -1.</_>
        <_>
          25 14 3 4 2.</_></rects>
      <tilted>0</tilted></_>
    <_>
      <rects>
        <_>
          22 19 20 6 -1.</_>
        <_>
          22 21 20 2 3.</_></rects>
      <tilted>0</tilted></_>
    <_>
      <rects>
        <_>
          22 19 27 3 -1.</_>
        <_>
          22 20 27 1 3.</_></rects>
      <tilted>0</tilted></_>
    <_>
      <rects>
        <_>
          23 9 4 10 -1.</_>
        <_>
          23 9 2 5 2.</_>
        <_>
          25 14 2 5 2.</_></rects>
      <tilted>0</tilted></_>
    <_>
      <rects>
        <_>
          23 19 18 6 -1.</_>
        <_>
          23 21 18 2 3.</_></rects>
      <tilted>0</tilted></_>
    <_>
      <rects>
        <_>
          24 2 17 6 -1.</_>
        <_>
          24 5 17 3 2.</_></rects>
      <tilted>0</tilted></_>
    <_>
      <rects>
        <_>
          24 12 21 8 -1.</_>
        <_>
          24 16 21 4 2.</_></rects>
      <tilted>0</tilted></_>
    <_>
      <rects>
        <_>
          24 16 6 2 -1.</_>
        <_>
          26 16 2 2 3.</_></rects>
      <tilted>0</tilted></_>
    <_>
      <rects>
        <_>
          24 16 20 4 -1.</_>
        <_>
          34 16 10 4 2.</_></rects>
      <tilted>0</tilted></_>
    <_>
      <rects>
        <_>
          25 12 2 6 -1.</_>
        <_>
          25 12 1 3 2.</_>
        <_>
          26 15 1 3 2.</_></rects>
      <tilted>0</tilted></_>
    <_>
      <rects>
        <_>
          27 7 2 12 -1.</_>
        <_>
          27 7 1 6 2.</_>
        <_>
          28 13 1 6 2.</_></rects>
      <tilted>0</tilted></_>
    <_>
      <rects>
        <_>
          27 9 21 12 -1.</_>
        <_>
          34 9 7 12 3.</_></rects>
      <tilted>0</tilted></_>
    <_>
      <rects>
        <_>
          27 16 2 5 -1.</_>
        <_>
          28 16 1 5 2.</_></rects>
      <tilted>0</tilted></_>
    <_>
      <rects>
        <_>
          27 22 18 3 -1.</_>
        <_>
          33 22 6 3 3.</_></rects>
      <tilted>0</tilted></_>
    <_>
      <rects>
        <_>
          30 11 4 8 -1.</_>
        <_>
          30 11 2 4 2.</_>
        <_>
          32 15 2 4 2.</_></rects>
      <tilted>0</tilted></_>
    <_>
      <rects>
        <_>
          30 12 2 6 -1.</_>
        <_>
          30 14 2 2 3.</_></rects>
      <tilted>0</tilted></_>
    <_>
      <rects>
        <_>
          30 14 2 2 -1.</_>
        <_>
          30 14 1 1 2.</_>
        <_>
          31 15 1 1 2.</_></rects>
      <tilted>0</tilted></_>
    <_>
      <rects>
        <_>
          31 14 2 4 -1.</_>
        <_>
          31 14 1 2 2.</_>
        <_>
          32 16 1 2 2.</_></rects>
      <tilted>0</tilted></_>
    <_>
      <rects>
        <_>
          32 6 4 7 -1.</_>
        <_>
          34 6 2 7 2.</_></rects>
      <tilted>0</tilted></_>
    <_>
      <rects>
        <_>
          36 4 2 18 -1.</_>
        <_>
          36 10 2 6 3.</_></rects>
      <tilted>0</tilted></_>
    <_>
      <rects>
        <_>
          36 18 14 2 -1.</_>
        <_>
          43 18 7 2 2.</_></rects>
      <tilted>0</tilted></_>
    <_>
      <rects>
        <_>
          36 21 8 4 -1.</_>
        <_>
          36 23 8 2 2.</_></rects>
      <tilted>0</tilted></_>
    <_>
      <rects>
        <_>
          37 14 3 3 -1.</_>
        <_>
          38 14 1 3 3.</_></rects>
      <tilted>0</tilted></_>
    <_>
      <rects>
        <_>
          38 10 12 13 -1.</_>
        <_>
          44 10 6 13 2.</_></rects>
      <tilted>0</tilted></_>
    <_>
      <rects>
        <_>
          38 15 6 5 -1.</_>
        <_>
          41 15 3 5 2.</_></rects>
      <tilted>0</tilted></_>
    <_>
      <rects>
        <_>
          39 5 6 10 -1.</_>
        <_>
          41 5 2 10 3.</_></rects>
      <tilted>0</tilted></_>
    <_>
      <rects>
        <_>
          40 10 10 11 -1.</_>
        <_>
          45 10 5 11 2.</_></rects>
      <tilted>0</tilted></_>
    <_>
      <rects>
        <_>
          40 10 10 12 -1.</_>
        <_>
          45 10 5 12 2.</_></rects>
      <tilted>0</tilted></_>
    <_>
      <rects>
        <_>
          44 6 6 15 -1.</_>
        <_>
          47 6 3 15 2.</_></rects>
      <tilted>0</tilted></_>
    <_>
      <rects>
        <_>
          46 7 2 16 -1.</_>
        <_>
          47 7 1 16 2.</_></rects>
      <tilted>0</tilted></_></features></cascade>
</opencv_storage>
