<?xml version="1.0"?>
<opencv_storage>
<stage14>
  <maxWeakCount>7</maxWeakCount>
  <stageThreshold>-2.0938665866851807e+00</stageThreshold>
  <weakClassifiers>
    <_>
      <internalNodes>
        0 -1 536567 5.4898824542760849e-02</internalNodes>
      <leafValues>
        -8.3531743288040161e-01 -9.4890512526035309e-02</leafValues></_>
    <_>
      <internalNodes>
        0 -1 534093 1.4001941308379173e-03</internalNodes>
      <leafValues>
        -6.5330302715301514e-01 2.7147591114044189e-01</leafValues></_>
    <_>
      <internalNodes>
        0 -1 309849 -9.4968108460307121e-03</internalNodes>
      <leafValues>
        -7.6020050048828125e-01 2.1186530590057373e-01</leafValues></_>
    <_>
      <internalNodes>
        0 -1 260497 3.5663010203279555e-04</internalNodes>
      <leafValues>
        -8.1607186794281006e-01 1.8530544638633728e-01</leafValues></_>
    <_>
      <internalNodes>
        0 -1 472935 -3.1484819483011961e-03</internalNodes>
      <leafValues>
        -7.9102909564971924e-01 2.1211475133895874e-01</leafValues></_>
    <_>
      <internalNodes>
        0 -1 7106 3.8638636469841003e-03</internalNodes>
      <leafValues>
        -4.2417314648628235e-01 4.3614074587821960e-01</leafValues></_>
    <_>
      <internalNodes>
        0 -1 390156 -1.6944087110459805e-03</internalNodes>
      <leafValues>
        -8.7306123971939087e-01 2.1101890504360199e-01</leafValues></_></weakClassifiers></stage14>
</opencv_storage>
