<?xml version="1.0"?>
<opencv_storage>
<stage8>
  <maxWeakCount>5</maxWeakCount>
  <stageThreshold>-1.6384236812591553e+00</stageThreshold>
  <weakClassifiers>
    <_>
      <internalNodes>
        0 -1 48845 2.5624539703130722e-02</internalNodes>
      <leafValues>
        -8.4795320034027100e-01 1.2605042755603790e-01</leafValues></_>
    <_>
      <internalNodes>
        0 -1 606449 1.4424844644963741e-02</internalNodes>
      <leafValues>
        -8.1743264198303223e-01 1.7196808755397797e-01</leafValues></_>
    <_>
      <internalNodes>
        0 -1 512667 3.3830991014838219e-04</internalNodes>
      <leafValues>
        -6.8587690591812134e-01 3.2922577857971191e-01</leafValues></_>
    <_>
      <internalNodes>
        0 -1 579651 2.1834245126228780e-04</internalNodes>
      <leafValues>
        -5.5270326137542725e-01 4.0680417418479919e-01</leafValues></_>
    <_>
      <internalNodes>
        0 -1 432558 -2.1433760412037373e-03</internalNodes>
      <leafValues>
        -9.5730996131896973e-01 3.0603492259979248e-01</leafValues></_></weakClassifiers></stage8>
</opencv_storage>
