<?xml version="1.0"?>
<opencv_storage>
<stage6>
  <maxWeakCount>5</maxWeakCount>
  <stageThreshold>-1.7954970598220825e+00</stageThreshold>
  <weakClassifiers>
    <_>
      <internalNodes>
        0 -1 552682 4.9650341272354126e-02</internalNodes>
      <leafValues>
        -8.4069097042083740e-01 2.0388349890708923e-01</leafValues></_>
    <_>
      <internalNodes>
        0 -1 506113 -1.1287219422229100e-05</internalNodes>
      <leafValues>
        2.4641790986061096e-01 -8.0075222253799438e-01</leafValues></_>
    <_>
      <internalNodes>
        0 -1 646858 1.0959978681057692e-05</internalNodes>
      <leafValues>
        -6.1527925729751587e-01 4.7637116909027100e-01</leafValues></_>
    <_>
      <internalNodes>
        0 -1 407712 -2.2100601345300674e-03</internalNodes>
      <leafValues>
        -8.9873689413070679e-01 3.0573877692222595e-01</leafValues></_>
    <_>
      <internalNodes>
        0 -1 511014 3.1744951847940683e-03</internalNodes>
      <leafValues>
        2.8320628404617310e-01 -8.9168351888656616e-01</leafValues></_></weakClassifiers></stage6>
</opencv_storage>
