<?xml version="1.0"?>
<opencv_storage>
<stage7>
  <maxWeakCount>5</maxWeakCount>
  <stageThreshold>-1.5016200542449951e+00</stageThreshold>
  <weakClassifiers>
    <_>
      <internalNodes>
        0 -1 749984 -4.9812205135822296e-02</internalNodes>
      <leafValues>
        7.5999999046325684e-01 -8.1552511453628540e-01</leafValues></_>
    <_>
      <internalNodes>
        0 -1 14496 -8.6145410314202309e-03</internalNodes>
      <leafValues>
        4.2223766446113586e-01 -5.7842165231704712e-01</leafValues></_>
    <_>
      <internalNodes>
        0 -1 51979 -5.5269794538617134e-03</internalNodes>
      <leafValues>
        2.7524632215499878e-01 -8.1327188014984131e-01</leafValues></_>
    <_>
      <internalNodes>
        0 -1 515812 -1.9160106603521854e-05</internalNodes>
      <leafValues>
        4.3002635240554810e-01 -5.2787399291992188e-01</leafValues></_>
    <_>
      <internalNodes>
        0 -1 567116 6.0505326837301254e-03</internalNodes>
      <leafValues>
        2.7557224035263062e-01 -9.3637812137603760e-01</leafValues></_></weakClassifiers></stage7>
</opencv_storage>
