<?xml version="1.0"?>
<opencv_storage>
<stage0>
  <maxWeakCount>4</maxWeakCount>
  <stageThreshold>-1.5738680362701416e+00</stageThreshold>
  <weakClassifiers>
    <_>
      <internalNodes>
        0 -1 12871 4.7615610063076019e-02</internalNodes>
      <leafValues>
        -8.5485392808914185e-01 6.1904764175415039e-01</leafValues></_>
    <_>
      <internalNodes>
        0 -1 336596 1.6266442835330963e-02</internalNodes>
      <leafValues>
        -7.4887055158615112e-01 4.6906569600105286e-01</leafValues></_>
    <_>
      <internalNodes>
        0 -1 721354 -2.6595434173941612e-03</internalNodes>
      <leafValues>
        4.9595755338668823e-01 -6.2789285182952881e-01</leafValues></_>
    <_>
      <internalNodes>
        0 -1 90137 7.6459214091300964e-02</internalNodes>
      <leafValues>
        -4.6610113978385925e-01 7.6961731910705566e-01</leafValues></_></weakClassifiers></stage0>
</opencv_storage>
