<?xml version="1.0"?>
<opencv_storage>
<stage2>
  <maxWeakCount>6</maxWeakCount>
  <stageThreshold>-1.8357218503952026e+00</stageThreshold>
  <weakClassifiers>
    <_>
      <internalNodes>
        0 -1 732645 -3.3205866813659668e-02</internalNodes>
      <leafValues>
        1.9727891683578491e-01 -8.8577157258987427e-01</leafValues></_>
    <_>
      <internalNodes>
        0 -1 566888 1.7229653894901276e-03</internalNodes>
      <leafValues>
        -7.3173499107360840e-01 4.8525482416152954e-01</leafValues></_>
    <_>
      <internalNodes>
        0 -1 301714 1.8580351024866104e-02</internalNodes>
      <leafValues>
        -4.9574670195579529e-01 5.9883397817611694e-01</leafValues></_>
    <_>
      <internalNodes>
        0 -1 701943 2.1954509429633617e-03</internalNodes>
      <leafValues>
        -7.9735815525054932e-01 4.0976917743682861e-01</leafValues></_>
    <_>
      <internalNodes>
        0 -1 293890 1.6003755154088140e-03</internalNodes>
      <leafValues>
        -7.9770147800445557e-01 3.2218745350837708e-01</leafValues></_>
    <_>
      <internalNodes>
        0 -1 536600 -1.0373938828706741e-02</internalNodes>
      <leafValues>
        7.5172251462936401e-01 -3.4187856316566467e-01</leafValues></_></weakClassifiers></stage2>
</opencv_storage>
