<?xml version="1.0"?>
<opencv_storage>
<stage11>
  <maxWeakCount>5</maxWeakCount>
  <stageThreshold>-1.7897789478302002e+00</stageThreshold>
  <weakClassifiers>
    <_>
      <internalNodes>
        0 -1 720082 -4.1408933699131012e-02</internalNodes>
      <leafValues>
        -2.9496401548385620e-01 -8.9158016443252563e-01</leafValues></_>
    <_>
      <internalNodes>
        0 -1 724782 -4.4769276864826679e-03</internalNodes>
      <leafValues>
        3.4155219793319702e-01 -6.4007735252380371e-01</leafValues></_>
    <_>
      <internalNodes>
        0 -1 206186 3.1745217740535736e-02</internalNodes>
      <leafValues>
        -3.4748709201812744e-01 6.6846376657485962e-01</leafValues></_>
    <_>
      <internalNodes>
        0 -1 260342 -1.0522064985707402e-03</internalNodes>
      <leafValues>
        3.3659318089485168e-01 -6.5169471502304077e-01</leafValues></_>
    <_>
      <internalNodes>
        0 -1 241672 -6.7228125408291817e-04</internalNodes>
      <leafValues>
        -8.4384369850158691e-01 2.4398277699947357e-01</leafValues></_></weakClassifiers></stage11>
</opencv_storage>
