<?xml version="1.0"?>
<opencv_storage>
<stage4>
  <maxWeakCount>5</maxWeakCount>
  <stageThreshold>-1.6800485849380493e+00</stageThreshold>
  <weakClassifiers>
    <_>
      <internalNodes>
        0 -1 732646 -3.2837335020303726e-02</internalNodes>
      <leafValues>
        -3.7037037312984467e-02 -8.8702929019927979e-01</leafValues></_>
    <_>
      <internalNodes>
        0 -1 375609 1.4057394582778215e-03</internalNodes>
      <leafValues>
        -8.2719814777374268e-01 9.7504146397113800e-02</leafValues></_>
    <_>
      <internalNodes>
        0 -1 447555 -1.0787652805447578e-02</internalNodes>
      <leafValues>
        6.9240087270736694e-01 -4.1256532073020935e-01</leafValues></_>
    <_>
      <internalNodes>
        0 -1 515459 7.2801951318979263e-03</internalNodes>
      <leafValues>
        2.5274986028671265e-01 -1.</leafValues></_>
    <_>
      <internalNodes>
        0 -1 147474 -6.0418479144573212e-02</internalNodes>
      <leafValues>
        -9.4381898641586304e-01 1.9399434328079224e-01</leafValues></_></weakClassifiers></stage4>
</opencv_storage>
