<?xml version="1.0"?>
<opencv_storage>
<stage1>
  <maxWeakCount>4</maxWeakCount>
  <stageThreshold>-2.0427453517913818e+00</stageThreshold>
  <weakClassifiers>
    <_>
      <internalNodes>
        0 -1 87063 -6.2106780707836151e-02</internalNodes>
      <leafValues>
        3.5537189245223999e-01 -8.7695312500000000e-01</leafValues></_>
    <_>
      <internalNodes>
        0 -1 376922 7.9214423894882202e-03</internalNodes>
      <leafValues>
        -8.9093750715255737e-01 2.2990582883358002e-01</leafValues></_>
    <_>
      <internalNodes>
        0 -1 284670 1.2173701077699661e-02</internalNodes>
      <leafValues>
        -7.4314314126968384e-01 3.6971297860145569e-01</leafValues></_>
    <_>
      <internalNodes>
        0 -1 52609 1.0480056516826153e-03</internalNodes>
      <leafValues>
        -6.7964541912078857e-01 4.6828848123550415e-01</leafValues></_></weakClassifiers></stage1>
</opencv_storage>
