<?xml version="1.0"?>
<opencv_storage>
<stage13>
  <maxWeakCount>7</maxWeakCount>
  <stageThreshold>-1.5601751804351807e+00</stageThreshold>
  <weakClassifiers>
    <_>
      <internalNodes>
        0 -1 609884 -1.2473207898437977e-03</internalNodes>
      <leafValues>
        -1.9170984625816345e-01 -8.5924369096755981e-01</leafValues></_>
    <_>
      <internalNodes>
        0 -1 346251 8.4422558546066284e-02</internalNodes>
      <leafValues>
        -5.4834187030792236e-01 3.2464236021041870e-01</leafValues></_>
    <_>
      <internalNodes>
        0 -1 285226 1.0258629918098450e-02</internalNodes>
      <leafValues>
        1.6540467739105225e-01 -9.4144999980926514e-01</leafValues></_>
    <_>
      <internalNodes>
        0 -1 565221 -2.1894570440053940e-02</internalNodes>
      <leafValues>
        3.4960418939590454e-01 -5.7432305812835693e-01</leafValues></_>
    <_>
      <internalNodes>
        0 -1 707141 -6.7682508379220963e-03</internalNodes>
      <leafValues>
        3.9715453982353210e-01 -4.6976721286773682e-01</leafValues></_>
    <_>
      <internalNodes>
        0 -1 645485 2.0169178023934364e-03</internalNodes>
      <leafValues>
        -3.7068134546279907e-01 5.1530390977859497e-01</leafValues></_>
    <_>
      <internalNodes>
        0 -1 268556 5.8761141262948513e-03</internalNodes>
      <leafValues>
        2.2985555231571198e-01 -8.4959924221038818e-01</leafValues></_></weakClassifiers></stage13>
</opencv_storage>
