<?xml version="1.0"?>
<opencv_storage>
<stage5>
  <maxWeakCount>4</maxWeakCount>
  <stageThreshold>-1.1115099191665649e+00</stageThreshold>
  <weakClassifiers>
    <_>
      <internalNodes>
        0 -1 87891 -7.1455210447311401e-02</internalNodes>
      <leafValues>
        5.9036141633987427e-01 -8.5122412443161011e-01</leafValues></_>
    <_>
      <internalNodes>
        0 -1 146013 2.9071712493896484e-01</internalNodes>
      <leafValues>
        -7.0887744426727295e-01 3.8430005311965942e-01</leafValues></_>
    <_>
      <internalNodes>
        0 -1 434166 2.7878228574991226e-03</internalNodes>
      <leafValues>
        2.6100143790245056e-01 -8.6469662189483643e-01</leafValues></_>
    <_>
      <internalNodes>
        0 -1 388680 2.8369748033583164e-03</internalNodes>
      <leafValues>
        2.2011074423789978e-01 -9.3455660343170166e-01</leafValues></_></weakClassifiers></stage5>
</opencv_storage>
