<?xml version="1.0"?>
<opencv_storage>
<stage10>
  <maxWeakCount>5</maxWeakCount>
  <stageThreshold>-1.9992332458496094e+00</stageThreshold>
  <weakClassifiers>
    <_>
      <internalNodes>
        0 -1 11023 5.8599568903446198e-02</internalNodes>
      <leafValues>
        -8.4782606363296509e-01 2.2556390613317490e-02</leafValues></_>
    <_>
      <internalNodes>
        0 -1 604655 -1.0834941640496254e-03</internalNodes>
      <leafValues>
        4.0986377000808716e-01 -6.2967830896377563e-01</leafValues></_>
    <_>
      <internalNodes>
        0 -1 215492 2.0176267251372337e-02</internalNodes>
      <leafValues>
        2.3307639360427856e-01 -8.3496618270874023e-01</leafValues></_>
    <_>
      <internalNodes>
        0 -1 515299 -1.4605641365051270e-02</internalNodes>
      <leafValues>
        -9.8888671398162842e-01 1.4305512607097626e-01</leafValues></_>
    <_>
      <internalNodes>
        0 -1 443419 1.3941416516900063e-02</internalNodes>
      <leafValues>
        1.7018221318721771e-01 -9.1493153572082520e-01</leafValues></_></weakClassifiers></stage10>
</opencv_storage>
